/*Insertando registros*/
  /*Módulo de Persona*/
    /*Tabla Genero*/
      INSERT INTO tbl_Genero(idGenero, descripcion) 
        VALUES(1, 'Femenino'),
            (2, 'Masculino');

    /*Direcciones*/
      INSERT INTO tbl_Direccion(idDireccion, departamento, municipio, colonia, sector, numeroCasa) 
        VALUES(1, 'Francisco Morazán', 'Distrito Central', 'El Hato', '3', '1965'),
            (2, 'Francisco Morazán', 'Distrito Central', 'El Hato', '5', '2058'),
            (3, 'Francisco Morazán', 'Distrito Central', 'El Hato', '1', '1587'),
            (4, 'Francisco Morazán', 'Distrito Central', 'El Hato', '2', '1258'),
            (5, 'Francisco Morazán', 'Distrito Central', 'El Hato', '3', '1987'),
            (6, 'Francisco Morazán', 'Distrito Central', 'Kennedy', '1', '1546'),
            (7, 'Francisco Morazán', 'Distrito Central', 'Kennedy', '1', '2369'),
            (8, 'Francisco Morazán', 'Distrito Central', 'Kennedy', '5', '1325'),
            (9, 'Francisco Morazán', 'Distrito Central', 'Kennedy', '3', '1589'),
            (10, 'Francisco Morazán', 'Distrito Central', 'Honduras', '1', '2587'),
            (11, 'Francisco Morazán', 'Distrito Central', 'Carrizal', '3', '9854'),
            (12, 'Francisco Morazán', 'Distrito Central', 'Quezada', '2', '2164'),
            (13, 'Francisco Morazán', 'Distrito Central', '21 de Febrero', '3', '2422'),
            (14, 'Francisco Morazán', 'Distrito Central', 'Kennedy', '6', '2313'),
            (15, 'Francisco Morazán', 'Distrito Central', 'Centro América', '1', '2584'),
            (16, 'Francisco Morazán', 'Distrito Central', 'Villa Unión', '3', '2452'),
            (17, 'Francisco Morazán', 'Distrito Central', 'Kennedy', '1', '2974'),
            (18, 'Francisco Morazán', 'Distrito Central', 'Cerro Grande', '8', '1645'),
            (19, 'Francisco Morazán', 'Distrito Central', 'Villa Franca', '1', '1458'),
            (20, 'Francisco Morazán', 'Distrito Central', 'Kennedy', '4', '1121'),
            (21, 'Francisco Morazán', 'Distrito Central', 'Divagna', '1', '2774'),
            (22, 'Francisco Morazán', 'Distrito Central', 'Centroamericana', '1', '2423'),
            (23, 'Francisco Morazán', 'Distrito Central', '3 de Mayo', '1', '2154'),
            (24, 'Francisco Morazán', 'Distrito Central', 'Las Mercedes', '2', '2313'),
            (25, 'Francisco Morazán', 'Distrito Central', 'Las Crucitas', '1', '2221'),
            (26, 'Francisco Morazán', 'Distrito Central', 'Los Profesores', '1', '2312'),
            (27, 'Francisco Morazán', 'Distrito Central', 'Lempira', '2', '1234'),
            (28, 'Francisco Morazán', 'Distrito Central', 'El Chile', '3', '1233'),
            (29, 'Francisco Morazán', 'Distrito Central', 'Prados Universitarios', '1', '2397'),
            (30, 'Francisco Morazán', 'Distrito Central', 'Las Brisas', '2', '1724'),
            (31, 'Francisco Morazán', 'Distrito Central', 'La Granja', '1', '2247'),
            (32, 'Francisco Morazán', 'Distrito Central', 'Los Hidalgos', '1', '1973');

    /*Tabla Persona*/
      INSERT INTO tbl_Persona (idPersona,identidad,primerNombre,segundoNombre,primerApellido,segundoApellido,idDireccion,idGenero) 
        VALUES (1,'0801-1980-9802','Zephania','George','Robles','Hernandez',1,2),
             (2,'0801-1990-6406','Hakeem','Flynn','Compton','Ortega',2,2),
             (3,'0801-1996-1194','Tucker','Simon','Walker','Craig',3,2),
             (4,'0801-1965-7887','Ali','Jarrod','Murphy','Hansen',4,2),
             (5,'0801-1962-4092','Buckminster','Valentine','Oneal','Strickland',5,2),
             (6,'0801-1985-5370','Zeus','Elmo','Dickson','Meyer',6,2),
             (7,'0801-1987-5237','Jin','Hoyt','Le','Pollard',7,2),
             (8,'0801-1987-6751','Addison','Xenos','Harrington','Bradford',8,2),
             (9,'0801-1969-5125','Ignatius','Lucius','Henderson','Mcdonald',9,2),
             (10,'0801-1992-9752','Leonard','Bruce','Potter','Mcmahon',10,2),
             (11,'0801-1991-2251','Jack','Vincent','Clarke','Guerrero',11,2),
             (12,'0801-1965-4747','Josiah','Arsenio','Christian','Perry',12,2),
             (13,'0801-1978-4068','Buckminster','James','Dodson','Hammond',13,2),
             (14,'0801-1986-7478','Zeus','Allen','Oliver','Velez',14,2),
             (15,'0801-1962-2584','Dean','Carson','Harrington','Hernandez',15,2),
             (16,'0801-1989-2762','Eugenia','Chava','Douglas','Vang',16,1),
             (17,'0801-1987-6399','Rosalyn','Pearl','Burks','Hicks',17,1),
             (18,'0801-1990-1154','Alice','Michelle','Livingston','Kaufman',18,1),
             (19,'0801-1965-7014','Brenda','Nevada','Guerrero','Clayton',19,1),
             (20,'0801-1969-7426','Yuri','Latifah','Meyer','Pearson',20,1),
             (21,'0801-1976-3250','Lara','Shelly','Olson','Howell',21,1),
             (22,'0801-1990-0573','Adria','Minerva','Wells','Sexton',22,1),
             (23,'0801-1992-3719','Wanda','Ebony','Campos','Walter',23,1),
             (24,'0801-1987-3139','Rama','Jana','Gamble','Ballard',24,1),
             (25,'0801-1979-8842','Bethany','Aurora','Rush','Mills',25,1),
             (26,'0801-1982-3823','Raven','Inga','Ballard','Valenzuela',26,1),
             (27,'0801-1993-2763','Hedda','Robin','Sandoval','Berg',27,1),
             (28,'0801-1977-2738','Sydney','Deanna','Gallegos','Whitehead',28,1),
             (29,'0801-1996-5689','Amity','Nerea','Holmes','Stewart',29,1),
             (30,'0801-1999-9709','Emma','Winifred','Mcclure','Mcmahon',30,1),
             (31,'COMODIN','COMODIN','COMODIN','COMODIN','COMODIN',1,1);


    /*Tabla Telefono*/
      INSERT INTO tbl_Telefono (idTelefono,telefono,idPersona) 
        VALUES (1,'+504-9175-6813',1),
             (2,'+504-3479-3934',2),
             (3,'+504-9974-4267',3),
             (4,'+504-9028-3159',4),
             (5,'+504-9048-5832',5),
             (6,'+504-3420-1067',6),
             (7,'+504-9499-8923',7),
             (8,'+504-9960-6230',8),
             (9,'+504-9028-3980',9),
             (10,'+504-3465-6776',10),
             (11,'+504-3494-1250',11),
             (12,'+504-3375-6121',12),
             (13,'+504-3065-6461',13),
             (14,'+504-9604-7135',14),
             (15,'+504-9614-7211',15),
             (16,'+504-3898-3310',16),
             (17,'+504-9830-1714',17),
             (18,'+504-3394-3443',18),
             (19,'+504-3352-8853',19),
             (20,'+504-3073-5522',20),
             (21,'+504-3572-1089',21),
             (22,'+504-3465-6855',22),
             (23,'+504-3335-9573',23),
             (24,'+504-3759-4262',24),
             (25,'+504-3425-4623',25),
             (26,'+504-9283-1726',26),
             (27,'+504-3505-5303',27),
             (28,'+504-3463-3745',28),
             (29,'+504-9748-5779',29),
             (30,'+504-9571-2503',30),
             (31,'+504-3535-5196',1),
             (32,'+504-3551-6763',2),
             (33,'+504-3137-8372',3),
             (34,'+504-9199-3532',4),
             (35,'+504-3156-2507',5),
             (36,'+504-9324-1000',6),
             (37,'+504-9998-1647',7),
             (38,'+504-3468-2892',8),
             (39,'+504-9163-2910',9),
             (40,'+504-9128-3418',10),
             (41,'+504-9458-9499',11),
             (42,'+504-9038-4956',12),
             (43,'+504-3076-9390',13),
             (44,'+504-3061-2589',14),
             (45,'+504-3178-8316',15),
             (46,'+504-3147-4384',16),
             (47,'+504-3329-9302',17),
             (48,'+504-3673-8423',18),
             (49,'+504-3341-2382',19),
             (50,'+504-9946-8064',20),
             (51,'+504-9112-2857',21),
             (52,'+504-3242-8610',22),
             (53,'+504-9014-3941',23),
             (54,'+504-3837-1247',24);

    /*Tabla CorreoElectronico*/
      INSERT INTO tbl_CorreoElectronico (idCorreoElectronico,correoElectronico,idPersona) 
        VALUES (1,'neque@convalliserateget.net',1),
             (2,'mauris@est.ca',2),
             (3,'Mauris@SedmolestieSed.com',3),
             (4,'quam.vel.sapien@magnuadavel.co.uk',4),
             (5,'Vestibulum@justonecante.co.uk',5),
             (6,'varius@Curabitur.com',6),
             (7,'mi.enim@nulla.com',7),
             (8,'diam.at@interdumNuncsollicitudin.ca',8),
             (9,'massa.rutrum@eltaeerat.org',9),
             (10,'semper@ami.net',10),
             (11,'accumsan.laorem@sociisnatopenatibus.edu',11),
             (12,'non.dui@commodoauctorvelit.org',12),
             (13,'orci@dolordolortempus.org',13),
             (14,'molestie@feugiatnec.edu',14),
             (15,'eleifend.Cras.sed@Nunc.com',15),
             (16,'Aenean@at.org',16),
             (17,'erat@Quisquevarius.ca',17),
             (18,'sapien@liberolacus.co.uk',18),
             (19,'arcu.Aliquam@justo.net',19),
             (20,'Phasellus@vitaeodiosagittis.com',20),
             (21,'pharetra.felis@sedpede.co.uk',21),
             (22,'Fusce@tristiquesenectus.co.uk',22),
             (23,'nunc.interdum.feugiat@velconvallisin.ca',23),
             (24,'Aenean.nunc@tellusjustosit.co.uk',24),
             (25,'diam.vel.arcu@urnaconvallis.co.uk',25),
             (26,'vel.@temporarcuVestibulum.net',26),
             (27,'Etiam.laoreet@placerat.net',27),
             (28,'consequat@utnisia.co.uk',28),
             (29,'metus.In@dapibusligula.com',29),
             (30,'ac.nulla@laciniavitae.co.uk',30),
             (31,'nascetur.ridiculus.mus@et.net',1),
             (32,'vestibulum.magna@aliquetmagnaa.co.uk',2),
             (33,'feugiat@porttitor.ca',3),
             (34,'molestie.orci@lentesquemassa.net',4),
             (35,'aliquet.vel@cursus.edu',5),
             (36,'Mauris@loremDonec.edu',6),
             (37,'aliquam.arcu@eratinconsectetuer.com',7),
             (38,'nulla.magna@euismod.net',8),
             (39,'sit@amet.com',9),
             (40,'enim.Suspendisse@liberolacus.org',10),
             (41,'eu@Aliquamfringilla.org',11),
             (42,'rutrum.eu.ultrices@montes.ca',12),
             (43,'egestas@apurus.edu',13),
             (44,'iaculis@odio.com',14),
             (45,'metus.vitae.velit@duiinsodales.ca',15),
             (46,'dui@non.net',16),
             (47,'arcu@Nam.net',17),
             (48,'lobortis.Class@utsemNulla.co.uk',18),
             (49,'fermentum@Etiamgravidamolestie.net',19),
             (50,'non@necmetusfacilisis.net',20),
             (51,'semper.rutrum@enim.net',21),
             (52,'Mauris@convallisin.net',22),
             (53,'non@ut.net',23);

    /*Tabla Cargo*/
      INSERT INTO tbl_Cargo (idCargo, descripcion)
        VALUES (1,'Gerente General'),
             (2,'Gerente de Sucursal'),
             (3,'Asesor de Ventas'),
             (4,'Mecánico'),
             (5,'Conductor'),
             (6,'Guardia de Seguridad'),
             (7,'Conserge'),
             (8,'Contador'),
             (9,'Publicista'),
             (10,'Cajero');

    /*Tabla Usuario*/
      INSERT INTO tbl_Usuario(idUsuario, nombreUsuario, userPassword, imagenRuta)
        VALUES(1,'user1','password1', 'C:\VehiculosFiles\Pics\Users\1.jpg'),
            (2,'user2','password2', 'C:\VehiculosFiles\Pics\Users\2.jpg'),
            (3,'user3','password3', 'C:\VehiculosFiles\Pics\Users\3.jpg'),
            (4,'user4','password4', 'C:\VehiculosFiles\Pics\Users\4.jpg'),
            (5,'user5','password5', 'C:\VehiculosFiles\Pics\Users\5.jpg'),
            (6,'user6','password6', 'C:\VehiculosFiles\Pics\Users\6.jpg'),
            (7,'user7','password7', 'C:\VehiculosFiles\Pics\Users\7.jpg'),
            (8,'user8','password8', 'C:\VehiculosFiles\Pics\Users\8.jpg'),
            (9,'user9','password9', 'C:\VehiculosFiles\Pics\Users\9.jpg'),
            (10,'user10','password10', 'C:\VehiculosFiles\Pics\Users\10.jpg'),
            (11,'user11','password11', 'C:\VehiculosFiles\Pics\Users\11.jpg'),
            (12,'user12','password12', 'C:\VehiculosFiles\Pics\Users\12.jpg'),
            (13,'user13','password13', 'C:\VehiculosFiles\Pics\Users\13.jpg'),
            (14,'user14','password14', 'C:\VehiculosFiles\Pics\Users\14.jpg'),
            (15,'user15','password15', 'C:\VehiculosFiles\Pics\Users\15.jpg'),
            (16,'user16','password16', 'C:\VehiculosFiles\Pics\Users\16.jpg'),
            (17,'user17','password17', 'C:\VehiculosFiles\Pics\Users\17.jpg'),
            (18,'user18','password18', 'C:\VehiculosFiles\Pics\Users\18.jpg'),
            (19,'user19','password19', 'C:\VehiculosFiles\Pics\Users\19.jpg'),
            (20,'user20','password20', 'C:\VehiculosFiles\Pics\Users\20.jpg'),
            (21,'user21','password21', 'C:\VehiculosFiles\Pics\Users\21.jpg'),
            (22,'user22','password22', 'C:\VehiculosFiles\Pics\Users\22.jpg'),
            (23,'user23','password23', 'C:\VehiculosFiles\Pics\Users\23.jpg'),
            (24,'user24','password24', 'C:\VehiculosFiles\Pics\Users\24.jpg'),
            (25,'user25','password25', 'C:\VehiculosFiles\Pics\Users\25.jpg'),
            (26,'user26','password26', 'C:\VehiculosFiles\Pics\Users\26.jpg'),
            (27,'user27','password27', 'C:\VehiculosFiles\Pics\Users\27.jpg'),
            (28,'user28','password28', 'C:\VehiculosFiles\Pics\Users\28.jpg'),
            (29,'user29','password29', 'C:\VehiculosFiles\Pics\Users\29.jpg'),
            (30,'user30','password30', 'C:\VehiculosFiles\Pics\Users\30.jpg'),
            (31,'COMODIN','COMODIN', 'C:\VehiculosFiles\Pics\Users\COMODIN.jpg');

    /*Tabla Cliente*/
      INSERT INTO tbl_Cliente(idCliente,rtn,idPersona,idUsuario)
        VALUES(1,'0801-1980-98025',1,16),
            (2,'0801-1990-64064',2,17),
            (3,'0801-1996-11942',3,18),
            (4,'0801-1965-78874',4,19),
            (5,'0801-1962-40926',5,20),
            (6,'0801-1985-53702',6,21),
            (7,'0801-1987-52375',7,22),
            (8,'0801-1989-27621',16,1),
            (9,'0801-1987-63994',17,2),
            (10,'0801-1990-11547',18,3),
            (11,'0801-1965-70146',19,4),
            (12,'0801-1969-74262',20,5),
            (13,'0801-1976-32507',21,6),
            (14,'0801-1990-05733',22,7),
            (15,'0801-1992-37192',23,8),
            (16,'COMODIN',31,31);

    /*Tabla Empleado*/
      INSERT INTO tbl_Empleado(idEmpleado, fechaContratacion, idPersona, idCargo, idUsuario, idEmpleadoSuperior, fechaPromocion)
        VALUES(1,'2010/01/01',8,1,23,1,'2010/01/01'),
            (2,'2010/01/01',9,2,24,1,'2010/01/01'),
            (3,'2010/01/01',10,2,25,1,'2010/01/01'),
            (4,'2010/01/01',11,4,26,2,'2010/01/01'),
            (5,'2010/01/01',12,4,27,2,'2010/01/01'),
            (6,'2010/01/01',13,4,28,3,'2010/01/01'),
            (7,'2010/01/01',14,4,29,3,'2010/01/01'),
            (8,'2010/01/01',15,7,30,1,'2010/01/01'),
            (9,'2010/01/01',24,10,9,2,'2010/01/01'),
            (10,'2010/01/01',25,10,10,3,'2010/01/01'),
            (11,'2010/01/01',26,8,11,2,'2010/01/01'),
            (12,'2010/01/01',27,8,12,3,'2010/01/01'),
            (13,'2010/01/01',28,3,13,2,'2010/01/01'),
            (14,'2010/01/01',29,3,14,3,'2010/01/01'),
            (15,'2010/01/01',30,9,15,1,'2010/01/01');

  /*Módulo de Vehiculo*/
	  /*Tabla Marca*/
	  INSERT INTO tbl_Marca(idMarca, descripcion, logoruta) 
    VALUES(1, 'Honda', 'C:\VehiculosFile\Pics\6.jpg'),
          (2, 'Ford', 'C:\VehiculosFile\Pics\7.jpg'),
				  (3, 'Toyota', 'C:\VehiculosFile\Pics\1.jpg'),
          (4, 'WolksWagen', 'C:\VehiculosFile\Pics\2.jpg'),
          (5, 'Lexus', 'C:\VehiculosFile\Pics\3.jpg'),
          (6, 'Jeep', 'C:\VehiculosFile\Pics\4.jpg'),
          (7, 'BMW', 'C:\VehiculosFile\Pics\5.jpg'),
          (8, 'Mazda', 'C:\VehiculosFile\Pics\8.jpg'),
          (9, 'AstonMartin', 'C:\VehiculosFile\Pics\9.jpg'),
          (10, 'Chevrolet', 'C:\VehiculosFile\Pics\10.jpg'),
          (11, 'Mitsubishi', 'C:\VehiculosFile\Pics\11.jpg'),
          (12, 'Suzuki', 'C:\VehiculosFile\Pics\12.jpg'),
          (13, 'Chrysler', 'C:\VehiculosFile\Pics\13.jpg'),
          (14, 'Dodge', 'C:\VehiculosFile\Pics\14.jpg'),
          (15, 'Nissan', 'C:\VehiculosFile\Pics\15.jpg');

    /*Tabla Modelo*/
	    INSERT INTO tbl_Modelo(idModelo, descripcion, idMarca)
      VALUES(1, 'Civic', 1),
            (2, 'Focus', 2),
            (3, 'Hilux',3),
            (4, 'Golf', 4),
            (5, 'Gs200', 5),
            (6, 'Cherooke', 6),
            (7, 'M3', 7),
            (8, 'B2000', 8),
            (9, 'Lagonda', 9),
            (10, 'Camaro', 10),
            (11, 'Lancer', 11),
            (12, 'Forza', 12),
            (13, '200flow', 13),
            (14, 'Avenger', 14),
            (15, 'Xterra', 15);

    /*Tabla Version*/
      INSERT INTO tbl_Version(idVersion, descripcion, idModelo)
      VALUES(1, 'sedan', 1),
            (2, 's400', 2),
            (3, '3.0',3),
            (4, 'turbocharger2.0', 4),
            (5, 'l400', 5),
            (6, '4X4', 6),
            (7, 'coupe', 7),
            (8, 'pickup', 8),
            (9, 'sedan', 9),
            (10, 'sedan', 10),
            (11, 'sedan', 11),
            (12, 's4000', 12),
            (13, 'lx-turbo', 13),
            (14, 'turbo3.0', 14),
            (15, 'camioneta', 15);

    /*Tabla Transmision*/
      INSERT INTO tbl_Transmision(idTransmision, descripcion)
      VALUES(1, 'Automatica'),
            (2, 'Mecanica'),
            (3, 'Triptónica');

    /*Tabla TipoGasolina*/
      INSERT INTO tbl_TipoGasolina(idTipoGasolina, descripcion)
      VALUES(1, 'Diesel'),
            (2, 'Regular'),
            (3, 'Superior'),
            (4, 'Gas LPG');

    /*Tabla Estado*/
      INSERT INTO tbl_Estado(idEstado, descripcion)
      VALUES(1, 'Nuevo'),
            (2, 'Semi nuevo'),
            (3, 'Usado'),
            (4, 'Chocado'),
            (5, 'Reparado por dueño'),
            (6, 'Reparado por fábrica');

    /*Tabla Cilindraje*/
      INSERT INTO tbl_Cilindraje(idCilindraje, descripcion)
      VALUES(1, 4),
            (2, 6),
            (3, 8),
            (4, 10),
            (5, 12),
            (6, 14),
            (7, 16);

    /*Tabla Sucursal*/
      INSERT INTO tbl_Sucursal(idsucursal, descripcion, iddireccion)
      VALUES(1, 'Tegucigalpa 1', 31),
            (2, 'Tegucigalpa 2', 32),
            (3, 'Comayagua 1',3),
            (4, 'Comayagua 2', 4),
            (5, 'San Pedro Sula 1', 5),
            (6, 'San Pedro Sula 2', 6),
            (7, 'Tela 1', 7),
            (8, 'Tela 2', 8),
            (9, 'Ceiba 1', 9),
            (10, 'Ceiba 2', 10),
            (11, 'Trujillo 1', 11),
            (12, 'Trujillo 2', 12),
            (13, 'Cholute 1', 13),
            (14, 'Choluteca 2', 14),
            (15, 'Danlí', 15);

    /*Tabla Garage*/
      INSERT INTO tbl_Garage(idGarage, descripcion, idsucursal)
      VALUES(1, 'Tamaño 20 vehiculos', 1),
            (2, 'Tamaño 20 vehiculo', 2),
            (3, 'Tamaño 50 vehiculo ',3),
            (4, 'Tamaño 20 vehiculo de tierra', 4),
            (5, 'Tamaño 20 vehiculo en construccion', 5),
            (6, 'Tamaño 20 vehiculo en construccion', 6),
            (7, 'Tamaño 20 vehiculo techado', 7),
            (8, 'Tamaño 50 vehiculo tamaño grande', 8),
            (9, 'Tamaño 20 vehiculo tamaño pequeño', 9),
            (10, 'Tamaño 100 vehiculo techado', 10),
            (11, 'Tamaño 20 vehiculo en mantenimiento', 11),
            (12, 'Tamaño 20 vehiculo solo de dia', 12),
            (13, 'Tamaño 20 vehiculo solo de dia ', 13),
            (14, 'Tamaño 20 vehiculo de tierra', 14),
            (15, 'Tamaño 20 vehiculo techado', 15);

    /*Tabla Seguro*/
      INSERT INTO tbl_Seguro(idseguro, estado,descripcion,montoasegurado,fechainicio,fechafin)
      VALUES(1, 'A', 'seguro completo',100000,'2017/01/01','2018/01/01'),
            (2, 'A', 'seguro completo',100000,'2017/01/01','2018/01/01'),
            (3, 'A', 'seguro completo',890000,'2017/01/01','2018/01/01'),
            (4,  'A','seguro completo',900000,'2017/01/01','2018/01/01'),
            (5, 'A', 'seguro completo',500000,'2017/01/01','2018/01/01'),
            (6, 'A', 'seguro completo',150000,'2017/01/01','2018/01/01'),
            (7, 'A', 'seguro completo',120000,'2017/01/01','2018/01/01'),
            (8, 'A', 'seguro completo',130000,'2017/01/01','2018/01/01'),
            (9, 'A', 'seguro completo',140000,'2017/01/01','2018/01/01'),
            (10, 'A','seguro completo',100000,'2017/01/01','2018/01/01'),
            (11, 'A','seguro completo',800000,'2017/01/01','2018/01/01'),
            (12, 'A','seguro completo',100000,'2017/01/01','2018/01/01'),
            (13, 'A','seguro completo',100000,'2017/01/01','2018/01/01'),
            (14,'A', 'seguro completo',200000,'2017/01/01','2018/01/01'),
            (15, 'A', 'seguro completo',300000,'2017/01/01','2018/01/01');

    /*Tabla Vehiculo*/
      INSERT INTO tbl_vehiculo(idvehiculo, color, placa,anio,generacion,serie_vin,
                  tipomotor,idmarca,idtransmision,idtipogasolina,idgarage,idcilindraje,idmodelo, idVersion)
      VALUES(1,  'rojo','PCU28959','2017/01/01','novena generacion','PXLW34575N',1800,1,1,1,1,1,1,1),
            (2,  'rojo','PCU28959','2017/01/01','novena generacion','VPNMS83032',1800,2,2,2,2,2,2,2),
            (3,  'blanco','JKL90432','2017/01/01','primera generacion','HSI2293022',1800,3,3,3,3,3,3,3),
            (4,  'azul','ANM89233','2017/01/01','primera generacion','PJWKQI9302',1800,4,1,4,4,4,4,4),
            (5,  'amarillo','QUWJ2839','2017/01/01','cuarta generacion','PREYW29323',1800,5,1,2,5,5,5,5),
            (6,  'verde','CKL87392','2017/01/01','primera generacion','BEIW8DU200',1800,6,1,2,6,6,6,6),
            (7,  'turquesa','PKS34940','2017/01/01','primera generacion','AVHS78E933',1800,7,1,3,7,7,7,7),
            (8,  'morado','PKJUE829','2017/01/01','primera generacion','PCBKSO9390',1800,8,1,2,8,1,8,8),
            (9,  'blancoperla','WERT3829','2017/01/01','quinta generacion','OPEKWU3990',2000,9,1,2,9,1,9,9),
            (10, 'rojo','IOP00292','2017/01/01','sexta generacion','RTWH7839HE',2400,10,1,1,1,3,10,10),
            (11, 'rosado','UIE793J2','2017/01/01','primera generacion','SBJEIU0322',1800,11,1,1,11,3,11,11),
            (12, 'naranja','2YWHJD88','2017/01/01','primera generacion','OPWJEH6372',3000,12,1,1,12,3,12,12),
            (13, 'cafe','LKI89772','2017/01/01','primera generacion','ANJS32893J',1800,13,1,1,13,3,13,13),
            (14, 'azul','KLIO0383','2017/01/01','primera generacion','DJJSJDBB3N',1300,14,1,1,14,3,14,14),
            (15, 'cromo','PCWHEE24','2017/01/01','octava generacion','BMXKWI3902',2000,15,1,1,15,3,15,15),
            (16,  'rojo','PCU28959','2017/01/01','novena generacion','PXLLWLEMEM',1800,1,1,1,1,1,1,1),
            (17,  'rojo','PCU28959','2017/01/01','novena generacion','VPNMS830303',1800,2,2,2,2,2,2,2),
            (18,  'blanco','JKL90432','2017/01/01','primera generacion','HSI2293024',1800,3,3,3,3,3,3,3),
            (19,  'azul','ANM89233','2017/01/01','primera generacion','PJWKQI9305',1800,4,1,4,4,4,4,4),
            (20,  'amarillo','QUWJ2839','2017/01/01','cuarta generacion','PREYW29326',1800,5,1,2,5,5,5,5),
            (21,  'verde','CKL87392','2017/01/01','primera generacion','BEIW8DU207',1800,6,1,2,6,6,6,6),
            (22,  'turquesa','PKS34940','2017/01/01','primera generacion','AVHS78E938',1800,7,1,3,7,7,7,7),
            (23,  'morado','PKJUE829','2017/01/01','primera generacion','PCBKSO9399',1800,8,1,2,8,2,8,8),
            (24,  'blancoperla','WERT3829','2017/01/01','quinta generacion','OPEKWU3911',2000,9,1,2,9,2,9,9),
            (25, 'rojo','IOP00292','2017/01/01','sexta generacion','RTWH7839TY',2400,10,1,1,1,4,10,10),
            (26, 'rosado','UIE793J2','2017/01/01','primera generacion','SBJEIU03IO',1800,11,1,1,11,4,11,11),
            (27, 'naranja','2YWHJD88','2017/01/01','primera generacion','OPWJEH63PR',3000,12,1,1,12,4,12,12),
            (28, 'cafe','LKI89772','2017/01/01','primera generacion','ANJS32893Z',1800,13,1,1,13,4,13,13),
            (29, 'azul','KLIO0383','2017/01/01','primera generacion','DJJSJDBB38',1300,14,1,1,14,4,14,14),
            (30, 'cromo','PCWHEE24','2017/01/01','octava generacion','BMXKWI390H',2000,15,1,1,15,4,15,15),
            (31,  'rojo','PCU28959','2017/01/01','novena generacion','PXLLWLEME7',1800,1,1,1,1,1,1,1),
            (32,  'rojo','PCU28959','2017/01/01','novena generacion','VPNMS830306',1800,2,2,2,2,2,2,2),
            (33,  'blanco','JKL90432','2017/01/01','primera generacion','HSI2293025',1800,3,3,3,3,3,3,3),
            (34,  'azul','ANM89233','2017/01/01','primera generacion','PJWKQI9304',1800,4,1,4,4,4,4,4),
            (35,  'amarillo','QUWJ2839','2017/01/01','cuarta generacion','PREYW29325',1800,5,1,2,5,5,5,5),
            (36,  'verde','CKL87392','2017/01/01','primera generacion','BEIW8DU202',1800,6,1,2,6,6,6,6),
            (37,  'turquesa','PKS34940','2017/01/01','primera generacion','AVHS78E939',1800,7,1,3,7,7,7,7),
            (38,  'morado','PKJUE829','2017/01/01','primera generacion','PCBKSO9398',1800,8,1,2,8,2,8,8),
            (39,  'blancoperla','WERT3829','2017/01/01','quinta generacion','OPEKWU3917',2000,9,1,2,9,2,9,9),
            (40, 'rojo','IOP00292','2017/01/01','sexta generacion','RTWH7839TY6',2400,10,1,1,1,4,10,10),
            (41, 'rosado','UIE793J2','2017/01/01','primera generacion','SBJEIU03IO5',1800,11,1,1,11,4,11,11),
            (42, 'naranja','2YWHJD88','2017/01/01','primera generacion','OPWJEH63P4',3000,12,1,1,12,4,12,12),
            (43, 'cafe','LKI89772','2017/01/01','primera generacion','ANJS328933',1800,13,1,1,13,4,13,13),
            (44, 'azul','KLIO0383','2017/01/01','primera generacion','DJJSJDBB32',1300,14,1,1,14,4,14,14),
            (45, 'cromo','PCWHEE24','2017/01/01','octava generacion','BMXKWI3901',2000,15,1,1,15,4,15,15),
            (46,  'rojo','PCU28959','2017/01/01','novena generacion','PAHDLWLEME7',1800,1,1,1,1,1,1,1),
            (47,  'rojo','PCU28959','2017/01/01','novena generacion','VHGFS830306',1800,2,2,2,2,2,2,2),
            (48,  'blanco','JKL90432','2017/01/01','primera generacion','HHF12293025',1800,3,3,3,3,3,3,3),
            (49,  'azul','ANM89233','2017/01/01','primera generacion','PJWKHGF59304',1800,4,1,4,4,4,4,4),
            (50,  'amarillo','QUWJ2839','2017/01/01','cuarta generacion','PREWR529325',1800,5,1,2,5,5,5,5),
            (51,  'verde','CKL87392','2017/01/01','primera generacion','BEIW8DUS5D02',1800,6,1,2,6,6,6,6),
            (52,  'turquesa','PKS34940','2017/01/01','primera generacion','AVHS7SDF939',1800,7,1,3,7,7,7,7),
            (53,  'morado','PKJUE829','2017/01/01','primera generacion','PCBK58S398',1800,8,1,2,8,2,8,8),
            (54,  'blancoperla','WERT3829','2017/01/01','quinta generacion','OGF56KWU3917',2000,9,1,2,9,2,9,9),
            (55, 'rojo','IOP00292','2017/01/01','sexta generacion','RTWH7839TGFD5',2400,10,1,1,1,4,10,10),
            (56, 'rosado','UIE793J2','2017/01/01','primera generacion','SBJEIUAG5AF3IO5',1800,11,1,1,11,4,11,11),
            (57, 'naranja','2YWHJD88','2017/01/01','primera generacion','OPWJGFA53P4',3000,12,1,1,12,4,12,12),
            (58, 'cafe','LKI89772','2017/01/01','primera generacion','ANJS32A565G3',1800,13,1,1,13,4,13,13),
            (59, 'azul','KLIO0383','2017/01/01','primera generacion','DJJSJDGA6D72',1300,14,1,1,14,4,14,14),
            (60, 'cromo','PCWHEE24','2017/01/01','octava generacion','BMXKGFD68A301',2000,15,1,1,15,4,15,15),
            (61, 'ninguno', 'COMODIN', '2000/01/01', 'ninguna', 'ninguna', 0,1,1,1,1,1,1,1);

    /*Tabla Foto*/
      INSERT INTO tbl_Foto(idFoto, rutaFoto, idVehiculo)
      VALUES(1, 'C:\VehiculosFile\Pics\a', 1),
            (2, 'C:\VehiculosFile\Pics\b', 2),
            (3, 'C:\VehiculosFile\Pics\c', 3),
            (4, 'C:\VehiculosFile\Pics\d', 4),
            (5, 'C:\VehiculosFile\Pics\e', 5),
            (6, 'C:\VehiculosFile\Pics\f', 6),
            (7, 'C:\VehiculosFile\Pics\g', 7),
            (8, 'C:\VehiculosFile\Pics\h', 8),
            (9, 'C:\VehiculosFile\Pics\i', 9),
            (10, 'C:\VehiculosFile\Pics\j', 10),
            (11, 'C:\VehiculosFile\Pics\k', 11),
            (12, 'C:\VehiculosFile\Pics\l', 12),
            (13, 'C:\VehiculosFile\Pics\m', 13),
            (14, 'C:\VehiculosFile\Pics\n', 14),
            (15, 'C:\VehiculosFile\Pics\o', 15),
            (16, 'C:\VehiculosFile\Pics\p', 16),
            (17, 'C:\VehiculosFile\Pics\q', 17),
            (18, 'C:\VehiculosFile\Pics\r', 18),
            (19, 'C:\VehiculosFile\Pics\s', 19),
            (20, 'C:\VehiculosFile\Pics\t', 20),
            (21, 'C:\VehiculosFile\Pics\u', 21),
            (22, 'C:\VehiculosFile\Pics\v', 22),
            (23, 'C:\VehiculosFile\Pics\w', 23),
            (24, 'C:\VehiculosFile\Pics\x', 24),
            (25, 'C:\VehiculosFile\Pics\y', 25),
            (26, 'C:\VehiculosFile\Pics\z', 26),
            (27, 'C:\VehiculosFile\Pics\aa', 27),
            (28, 'C:\VehiculosFile\Pics\bb', 28),
            (29, 'C:\VehiculosFile\Pics\cc', 29),
            (30, 'C:\VehiculosFile\Pics\dd', 30),
            (31, 'C:\VehiculosFile\Pics\ee', 31),
            (32, 'C:\VehiculosFile\Pics\ff', 32),
            (33, 'C:\VehiculosFile\Pics\gg', 33),
            (34, 'C:\VehiculosFile\Pics\hh', 34),
            (35, 'C:\VehiculosFile\Pics\ii', 35),
            (36, 'C:\VehiculosFile\Pics\jj', 36),
            (37, 'C:\VehiculosFile\Pics\kk', 37),
            (38, 'C:\VehiculosFile\Pics\ll', 38),
            (39, 'C:\VehiculosFile\Pics\mm', 39),
            (40, 'C:\VehiculosFile\Pics\nn', 40),
            (41, 'C:\VehiculosFile\Pics\oo', 41),
            (42, 'C:\VehiculosFile\Pics\pp', 42),
            (43, 'C:\VehiculosFile\Pics\qq', 43),
            (44, 'C:\VehiculosFile\Pics\rr', 44),
            (45, 'C:\VehiculosFile\Pics\ss', 45),
            (46, 'C:\VehiculosFile\Pics\tt', 46),
            (47, 'C:\VehiculosFile\Pics\uu', 47),
            (48, 'C:\VehiculosFile\Pics\vv', 48),
            (49, 'C:\VehiculosFile\Pics\ww', 49),
            (50, 'C:\VehiculosFile\Pics\xx', 50),
            (51, 'C:\VehiculosFile\Pics\yy', 51),
            (52, 'C:\VehiculosFile\Pics\zz', 52),
            (53, 'C:\VehiculosFile\Pics\aa2', 53),
            (54, 'C:\VehiculosFile\Pics\bb2', 54),
            (55, 'C:\VehiculosFile\Pics\cc2', 55),
            (56, 'C:\VehiculosFile\Pics\dd2', 56),
            (57, 'C:\VehiculosFile\Pics\ee2', 57),
            (58, 'C:\VehiculosFile\Pics\ff2', 58),
            (59, 'C:\VehiculosFile\Pics\gg2', 59),
            (60, 'C:\VehiculosFile\Pics\hh2', 60);

    /*Tabla Vehiculoempresa*/
      INSERT INTO tbl_VehiculoEmpresa(idVehiculoEmpresa, fechaAdquisicion,idvehiculo,idseguro,idEstado,
                  precioVenta,precioRentaHora,seVende,seRenta,estadoMatricula,montoMatricula)
      VALUES(1,'2017/01/01',1,1,1,156000,600,'t','t','P',2500),
            (2,'2017/01/01',2,2,2,156000,600,'t','t','P',2500),
            (3,'2017/01/01',3,3,3,190000,700,'t','t','P',2500),
            (4,'2017/01/01',4,4,4,176000,400,'t','t','P',2500),
            (5,'2017/01/01',5,5,5,156000,600,'t','t','P',2500),
            (6,'2017/01/01',6,6,6,156000,600,'t','t','P',2500),
            (7,'2017/01/01',7,7,1,156000,600,'t','t','P',2500),
            (8,'2017/01/01',8,8,2,156000,800,'t','t','P',2500),
            (9,'2017/01/01',9,9,3,156000,900,'t','t','P',2500),
            (10,'2017/01/01',10,10,4,176000,300,'t','t','P',2500),
            (11,'2017/01/01',11,11,5,156000,400,'t','t','P',2500),
            (12,'2017/01/01',12,12,6,156000,600,'t','t','P',2500),
            (13,'2017/01/01',13,13,1,158000,600,'t','t','P',2500),
            (14,'2017/01/01',14,14,2,200000,800,'t','t','P',2500),
            (15,'2017/01/01',15,15,3,189000,200,'t','t','P',2500),
            (16,'2017/01/01',31,1,1,156000,600,'t','t','P',2500),
            (17,'2017/01/01',32,2,2,156000,600,'t','t','P',2500),
            (18,'2017/01/01',33,3,3,190000,700,'t','t','P',2500),
            (19,'2017/01/01',34,4,4,176000,400,'t','t','P',2500),
            (20,'2017/01/01',35,5,5,156000,600,'t','t','P',2500),
            (21,'2017/01/01',36,6,6,156000,600,'t','t','P',2500),
            (22,'2017/01/01',37,7,1,156000,600,'t','t','P',2500),
            (23,'2017/01/01',38,8,2,156000,800,'t','t','P',2500),
            (24,'2017/01/01',39,9,3,156000,900,'t','t','P',2500),
            (25,'2017/01/01',40,10,4,176000,300,'t','t','P',2500),
            (26,'2017/01/01',41,11,5,156000,400,'t','t','P',2500),
            (27,'2017/01/01',42,12,6,156000,600,'t','t','P',2500),
            (28,'2017/01/01',43,13,1,158000,600,'t','t','P',2500),
            (29,'2017/01/01',44,14,2,200000,800,'t','t','P',2500),
            (30,'2017/01/01',45,15,3,189000,200,'t','t','P',2500),
            (31,'2017/01/01',46,1,1,156000,600,'t','t','P',2500),
            (32,'2017/01/01',47,2,2,156000,600,'t','t','P',2500),
            (33,'2017/01/01',48,3,3,190000,700,'t','t','P',2500),
            (34,'2017/01/01',49,4,4,176000,400,'t','t','P',2500),
            (35,'2017/01/01',50,5,5,156000,600,'t','t','P',2500),
            (36,'2017/01/01',51,6,6,156000,600,'t','t','P',2500),
            (37,'2017/01/01',52,7,1,156000,600,'t','t','P',2500),
            (38,'2017/01/01',53,8,2,156000,800,'t','t','P',2500),
            (39,'2017/01/01',54,9,3,156000,900,'t','t','P',2500),
            (40,'2017/01/01',55,10,4,176000,300,'t','t','P',2500),
            (41,'2017/01/01',56,11,5,156000,400,'t','t','P',2500),
            (42,'2017/01/01',57,12,6,156000,600,'t','t','P',2500),
            (43,'2017/01/01',58,13,1,158000,600,'t','t','P',2500),
            (44,'2017/01/01',59,14,2,200000,800,'t','t','P',2500),
            (45,'2017/01/01',60,15,3,189000,200,'t','t','P',2500),
            (46,'2017/01/01',61,15,3,0,0,'t','t','P',0);

       /*Tabla VehiculoCliente*/
         INSERT INTO tbl_VehiculoCliente(idVehiculoCliente, fechaRegistro, idVehiculo,idClientePertenece)
         VALUES(1,'2018/10/01',16,1),
            (2,'2015/08/01',17,2),
            (3,'2015/04/01',18,3),
            (4,'2018/10/01',19,4),
            (5,'2017/10/01',20,5),
            (6,'2017/10/01',21,6),
            (7,'2017/10/01',22,7),
            (8,'2017/10/01',23,8),
            (9,'2016/10/01',24,9),
            (10,'2016/10/01',25,10),
            (11,'2016/10/01',26,11),
            (12,'2018/10/01',27,12),
            (13,'2018/10/01',28,13),
            (14,'2018/10/01',29,14),
            (15,'2018/10/01',30,15),
            (16,'2018/10/01',61,16);

  /*Módulo de Mantenimiento*/
    /*Tablasolicitudmantenimiento*/
      INSERT INTO tbl_SolicitudMantenimiento(idSolicitudMantenimiento, fechaSolicitud, estado,observacion,idEmpleado,idVehiculoCliente) 
      VALUES(1, '2018-01-12','p','Falla mecánica',1,1),
            (2, '2018-02-06','p','Falla mecánica',2,2),
            (3, '2018-02-06','p','Falla mecánica',3,3),
            (4, '2018-02-06','p','Falla mecánica',4,4),
            (5, '2018-02-06','p','Falla mecánica',5,5),
            (6, '2018-02-06','p','Falla mecánica',6,6),
            (7, '2018-02-06','p','Falla mecánica',7,7),
            (8, '2018-02-06','p','Falla mecánica',8,8),
            (9, '2018-02-06','p','Falla mecánica',9,9),
            (10, '2018-02-06','p','Falla mecánica',10,10),
            (11, '2018-02-06','p','Falla mecánica',11,11),
            (12, '2018-02-06','p','Falla mecánica',12,12),
            (13, '2018-02-06','p','Falla mecánica',13,13),
            (14, '2018-02-06','p','Falla mecánica',14,14),
            (15, '2018-02-06','p','Falla mecánica',15,15),
            (16, '2018-02-06','p','Falla mecánica',1,1),
            (17, '2018-02-06','p','Falla mecánica',2,2),
            (18, '2018-02-06','p','Falla mecánica',3,3),
            (19, '2018-02-06','p','Falla mecánica',4,4),
            (20, '2018-02-06','p','Falla mecánica',5,5),
            (21, '2018-02-06','p','Falla mecánica',6,6),
            (22, '2018-02-06','p','Falla mecánica',7,7),
            (23, '2018-02-06','p','Falla mecánica',8,8),
            (24, '2018-02-06','p','Falla mecánica',9,9),
            (25, '2018-02-06','p','Falla mecánica',10,10),
            (26, '2018-02-06','p','Falla mecánica',11,11), 
            (27, '2018-02-06','p','Falla mecánica',12,12),
            (28, '2018-02-06','p','Falla mecánica',13,13),
            (29, '2018-02-06','p','Falla mecánica',14,14),
            (30, '2018-02-06','p','Falla mecánica',15,15),
            (31, '2018-01-12','p','Falla mecánica',1,16);

  /*Tabla TipoMantenimiento*/
      INSERT INTO tbl_TipoMantenimiento(idTipoMantenimiento, descripcion,costo) 
      VALUES(1,'Cambio de aceite',1500),
            (2,'Cambio de bujías',1500),
            (3,'Cambio de llantas',1500),
            (4,'Alineamiento',1500),
            (5,'Cambio de fricciones',1500),
            (6,'Cambio de bujes',1500),
            (7,'Cambio de tijeras',1500),
            (8,'Cambio de filtro de aire',1500),
            (9,'Cambio de barras estabilizadoras',1500),
            (10,'Cambio de rótulas',1500),
            (11,'Cambio de suspensión',1500),
            (12,'Cambio de batería',1500),
            (13,'Cambio de coolant',1500),
            (14,'Cambio de soporte',1500),
            (15,'Polarizado',1500),
            (16,'COMODIN',0);                     

  /*Tabla categoriarepuesto*/
      INSERT INTO tbl_categoriaRepuesto(idCategoriaRepuesto, descripcion) 
      VALUES(1,'Motor'),
            (2,'Arranque'),
            (3,'Neumáticos'),
            (4,'Dirección'),
            (5,'Frenos'),
            (6,'Dirección secundaria'),
            (7,'Dirección primaria'),
            (8,'Refrigeración de motor'),
            (9,'Suspensión secundaria'),
            (10,'Suspensión primaria'),
            (11,'Suspensión'),
            (12,'Eléctricos'),
            (13,'Refrigeración'),
            (14,'Motos soportes'),
            (15,'Polarizado');
                        
  /*Tabla marcarepuesto*/
    INSERT INTO tbl_MarcaRepuesto(idMarcaRepuesto, descripcion) 
    VALUES(1,'YKS'),
          (2,'777 Five'),
          (3,'OEM'),
          (4,'Falcon'),
          (5,'Dunlop'),
          (6,'Castrol'),
          (7,'Chevron'),
          (8,'NGK'),
          (9,'YKS taiwanesa'),
          (10,'OM Brand'),
          (11,'Mobil'),
          (12,'original yukita'),
          (13,'Tokito'),
          (14,'Monroe'),
          (15,'KYB');
                        
  /*Tabla Repuesto*/
    INSERT INTO tbl_Repuesto(idRepuesto,descripcion, existencia, precio, idCategoriarepuesto, idMarcaRepuesto) 
    VALUES(1,'Filtro de aceite',15,450,1,1),
          (2,'Filtro de aire',15,450,2,2),
          (3,'Bujías',15,450,3,3),
          (4,'Bujes',15,450,4,4),
          (5,'Llantas',15,450,5,5),
          (6,'Aceite de motor',15,450,6,6),
          (7,'Aceite de caja',15,450,7,7),
          (8,'Liquido de frenos',15,450,8,8),
          (9,'Liquido hidráulico',15,450,9,9),
          (10,'Fricciones',15,450,10,10),
          (11,'Tijeras',15,450,11,11),
          (12,'Soportes de motor',15,450,12,12),
          (13,'Cadena de tiempo',15,450,13,13),
          (14,'Soporte de amortiguación',15,450,14,14),
          (15,'Dirección completa',15,450,15,15);

  /*Tabla proveedor*/
    INSERT INTO tbl_Proveedor(idProveedor, descripcion, rtn) 
    VALUES(1,'Alpha','080293043832120'),
          (2,'Auto suspensión','080293043832121'),
          (3,'Repuestos la quezada','080293043832122'),
          (4,'Auto repuestos','080293043832123'),
          (5,'RSA autoparts','080293043832124'),
          (6,'Americanos autoparts','080293043832125'),
          (7,'Autoparts Honduras','080293043832126'),
          (8,'Repuestos los dos hermanos','080293043832127'),
          (9,'La casa del tornillo','092381938219188'),
          (10,'Repuestos para alternadores','092381938219189'),
          (11,'MECA','092381938219180'),
          (12,'Ichi','092381938219181'),
          (13,'Suplidora Honda','092381938219182'),
          (14,'Todo repuestos','092381938219183'),
          (15,'Auto mundo','092381938219184');

  /*Tabla TelefonoProveedor*/
    INSERT INTO tbl_TelefonoProveedor(idTelefono,telefono,idProveedor) 
    VALUES(1,'9899-99-00',1),
          (2,'9899-99-01 ',2),
          (3,'9899-99-02',3),
          (4,'3194-93-70',4),
          (5,'9980-09-89',5),
          (6,'9846-09-11',6),
          (7,'9876-12-22',7),
          (8,'22232-12-33',8),
          (9,'22232-12-34',9),
          (10,'2223-13-35',10),
          (11,'8928-34-36',11),
          (12,'2345-09-37 ',12),
          (13,'2345-09-38 ',13),
          (14,'2345-09-39',14),
          (15,'2345-09-56',15);

  /*Tabla correoproveedorr*/
    INSERT INTO tbl_CorreoelEctronicoProveedor(idCorreoelEctronico,correoElectronico,idProveedor) 
    VALUES(1,'cwpa@gmail.com',1),
          (2,'paz_lio@yahoo.es',2),
          (3,'lol@hotmai.com',3),
          (4,'cwflores~@unah.hn',4),
          (5,'mamut@gmail.com',5),
          (6,'mamit@gmail.com',6),
          (7,'cristianl@yahoo.es',7),
          (8,'locaj@gmail.com',8),
          (9,'millenu@gmail.com',9),
          (10,'kjaksj@gmail.hn',10),
          (11,'joh@gmail.hn',11),
          (12,'espafuera@gmail.hn ',12),
          (13,'julys@gmail.hn ',13),
          (14,'eljuliseum@gmail.hn',14),
          (15,'latiajyly@gmail.hn',15);

 /*Tabla Compra de Repuesto*/
    INSERT INTO tbl_CompraRepuesto(idProveedor,idRepuesto,cantidad,fecha,idEmpleado) 
    VALUES(1,1,5,'2018-01-12',1),
          (2,2,5,'2018-01-12',2),
          (3,3,5,'2018-01-12',3),
          (4,4,5,'2018-01-12',4),
          (5,5,5,'2018-01-12',5),
          (6,6,5,'2018-01-12',6),
          (7,7,5,'2018-01-12',7),
          (8,8,5,'2018-01-12',8),
          (9,9,5,'2018-01-12',9),
          (10,10,5,'2018-01-12',10),
          (11,11,5,'2018-01-12',11),
          (12,12,5,'2018-01-12',12),
          (13,13,5,'2018-01-12',13),
          (14,14,5,'2018-01-12',14),
          (15,15,5,'2018-01-12',15),
          (1,1,5,'2018-01-12',1),
          (2,2,5,'2018-01-12',2),
          (3,3,5,'2018-01-12',3),
          (4,4,5,'2018-01-12',4),
          (5,5,5,'2018-01-12',5),
          (6,6,5,'2018-01-12',6),
          (7,7,5,'2018-01-12',7),
          (8,8,5,'2018-01-12',8),
          (9,9,5,'2018-01-12',9),
          (10,10,5,'2018-01-12',10),
          (11,11,5,'2018-01-12',11),
          (12,12,5,'2018-01-12',12),
          (13,13,5,'2018-01-12',13),
          (14,14,5,'2018-01-12',14),
          (15,15,5,'2018-01-12',15);

  /*Tabla Taller*/
    INSERT INTO tbl_Taller(idTaller, estado, idSucursal)
    VALUES (1, 'D', 1),
           (2, 'D', 2),
           (3, 'D', 3),
           (4, 'D', 4),
           (5, 'D', 5),
           (6, 'D', 6),
           (7, 'D', 7),
           (8, 'D', 8),
           (9, 'D', 9),
           (10, 'D', 10),
           (11, 'D', 11),
           (12, 'D', 12),
           (13, 'D', 13),
           (14, 'D', 14),
           (15, 'D', 15),
           (16, 'N', 15);

  /*Tabla Mantenimiento*/
    INSERT INTO tbl_Mantenimiento(idMantenimiento,descripcion, fechaIngreso,fechaSalida,estado,
                idSolicitudMantenimiento,idEmpleado,idTipoMantenimiento, idRepuesto, idTaller) 
    VALUES(1,'Reparacion taller 1' ,'2018-01-12','2018-01-12','E',1,1,1,1,1),
          (2,'Reparacion taller 1' ,'2018-01-12','2018-01-12','E',2,2,2,2,2),
          (3,'Reparacion taller 1' ,'2018-01-12','2018-01-12','E',3,3,3,3,1),
          (4,'Reparacion taller 1' ,'2018-01-12','2018-01-12','E',4,4,4,4,2),
          (5,'Reparacion taller 1' ,'2018-01-12','2018-01-12','E',5,5,5,5,1),
          (6,'Reparacion taller 2' ,'2018-01-12','2018-01-12','E',6,6,6,6,2),
          (7,'Reparacion taller 2' ,'2018-01-12','2018-01-12','E',7,7,7,7,1),
          (8,'Reparacion taller 2' ,'2018-01-12','2018-01-12','E',8,8,8,8,2),
          (9,'Reparacion taller 1' ,'2018-01-12','2018-01-12','E',9,9,9,9,1),
          (10,'Reparacion taller 1' ,'2018-01-12','2018-01-12','E',10,10,10,10,2),
          (11,'Reparacion taller 2' ,'2018-01-12','2018-01-12','E',11,11,11,11,1),
          (12,'Reparacion taller 2' ,'2018-01-12','2018-01-12','E',12,12,12,12,2),
          (13,'Reparacion taller 2' ,'2018-01-12','2018-01-12','E',13,13,13,13,1),
          (14,'Reparacion taller 2' ,'2018-01-12','2018-01-12','E',14,14,14,14,2),
          (15,'Reparacion taller 2' ,'2018-01-12','2018-01-12','E',15,15,15,15,1),
          (16,'Reparacion taller 2' ,'2018-01-12','2018-01-12','E',16,1,1,1,2),
          (17,'Reparacion taller 2' ,'2018-01-12','2018-01-12','E',17,2,2,2,1),
          (18,'Reparacion taller 1' ,'2018-01-12','2018-01-12','E',18,3,3,3,2),
          (19,'Reparacion taller 1' ,'2018-01-12','2018-01-12','E',19,4,4,4,1),
          (20,'Reparacion taller 3' ,'2018-01-12','2018-01-12','E',20,5,5,5,2),
          (21,'Reparacion taller 3' ,'2018-01-12','2018-01-12','E',21,6,6,6,1),
          (22,'Reparacion taller 3' ,'2018-01-12','2018-01-12','E',22,7,7,7,2),
          (23,'Reparacion taller 3' ,'2018-01-12','2018-01-12','E',23,8,8,8,1),
          (24,'Reparacion taller 3' ,'2018-01-12','2018-01-12','E',24,9,9,9,2),
          (25,'Reparacion taller 4' ,'2018-01-12','2018-01-12','E',25,10,10,10,1),
          (26,'Reparacion taller 1' ,'2018-01-12','2018-01-12','E',26,11,11,11,2),
          (27,'Reparacion taller 4' ,'2018-01-12','2018-01-12','E',27,12,12,12,1),
          (28,'Reparacion taller 1' ,'2018-01-12','2018-01-12','E',28,13,13,13,2),
          (29,'Reparacion taller 1' ,'2018-01-12','2018-01-12','E',29,14,14,14,1),
          (30,'Reparacion taller 1' ,'2018-01-12','2018-01-12','E',30,15,15,15,2),
          (31,'Reparacion taller 1' ,'2018-01-12','2018-01-12','E',31,1,16,1,16),
          (32,'Reparacion taller 1' ,'2018-01-12','2018-01-12','E',31,2,16,2,16),
          (33,'Reparacion taller 1' ,'2018-01-12','2018-01-12','E',31,3,16,3,16),
          (34,'Reparacion taller 1' ,'2018-01-12','2018-01-12','E',31,4,16,4,16),
          (35,'Reparacion taller 1' ,'2018-01-12','2018-01-12','E',31,5,16,5,16),
          (36,'Reparacion taller 2' ,'2018-01-12','2018-01-12','E',31,6,16,6,16),
          (37,'Reparacion taller 2' ,'2018-01-12','2018-01-12','E',31,7,16,7,16),
          (38,'Reparacion taller 2' ,'2018-01-12','2018-01-12','E',31,8,16,8,16),
          (39,'Reparacion taller 1' ,'2018-01-12','2018-01-12','E',31,9,16,9,16),
          (40,'Reparacion taller 1' ,'2018-01-12','2018-01-12','E',31,10,16,10,16),
          (41,'Reparacion taller 2' ,'2018-01-12','2018-01-12','E',31,11,16,11,16),
          (42,'Reparacion taller 2' ,'2018-01-12','2018-01-12','E',31,12,16,12,16),
          (43,'Reparacion taller 2' ,'2018-01-12','2018-01-12','E',31,13,16,13,16),
          (44,'Reparacion taller 2' ,'2018-01-12','2018-01-12','E',31,14,16,14,16),
          (45,'Reparacion taller 2' ,'2018-01-12','2018-01-12','E',31,15,16,15,16),
          (46,'Reparacion taller 2' ,'2018-01-12','2018-01-12','E',31,1,16,1,16),
          (47,'Reparacion taller 2' ,'2018-01-12','2018-01-12','E',31,2,16,2,16),
          (48,'Reparacion taller 1' ,'2018-01-12','2018-01-12','E',31,3,16,3,16),
          (49,'Reparacion taller 1' ,'2018-01-12','2018-01-12','E',31,4,16,4,16),
          (50,'Reparacion taller 3' ,'2018-01-12','2018-01-12','E',31,5,16,5,16),
          (51,'Reparacion taller 3' ,'2018-01-12','2018-01-12','E',31,6,16,6,16),
          (52,'Reparacion taller 3' ,'2018-01-12','2018-01-12','E',31,7,16,7,16),
          (53,'Reparacion taller 3' ,'2018-01-12','2018-01-12','E',31,8,16,8,16),
          (54,'Reparacion taller 3' ,'2018-01-12','2018-01-12','E',31,9,16,9,16),
          (55,'Reparacion taller 4' ,'2018-01-12','2018-01-12','E',31,10,16,10,16),
          (56,'Reparacion taller 1' ,'2018-01-12','2018-01-12','E',31,11,16,11,16),
          (57,'Reparacion taller 4' ,'2018-01-12','2018-01-12','E',31,12,16,12,16),
          (58,'Reparacion taller 1' ,'2018-01-12','2018-01-12','E',31,13,16,13,16),
          (59,'Reparacion taller 1' ,'2018-01-12','2018-01-12','E',31,14,16,14,16),
          (60,'Reparacion taller 1' ,'2018-01-12','2018-01-12','E',31,15,16,15,16),
          (61,'Reparacion taller 1' ,'2018-01-12','2018-01-12','E',31,1,16,1,16),
          (62,'Reparacion taller 1' ,'2018-01-12','2018-01-12','E',31,2,16,2,16),
          (63,'Reparacion taller 1' ,'2018-01-12','2018-01-12','E',31,3,16,3,16),
          (64,'Reparacion taller 1' ,'2018-01-12','2018-01-12','E',31,4,16,4,16),
          (65,'Reparacion taller 1' ,'2018-01-12','2018-01-12','E',31,5,16,5,16),
          (66,'Reparacion taller 2' ,'2018-01-12','2018-01-12','E',31,6,16,6,16),
          (67,'Reparacion taller 2' ,'2018-01-12','2018-01-12','E',31,7,16,7,16),
          (68,'Reparacion taller 2' ,'2018-01-12','2018-01-12','E',31,8,16,8,16),
          (69,'Reparacion taller 1' ,'2018-01-12','2018-01-12','E',31,9,16,9,16),
          (70,'Reparacion taller 1' ,'2018-01-12','2018-01-12','E',31,10,16,10,16),
          (71,'Reparacion taller 2' ,'2018-01-12','2018-01-12','E',31,11,16,11,16),
          (72,'Reparacion taller 2' ,'2018-01-12','2018-01-12','E',31,12,16,12,16),
          (73,'Reparacion taller 2' ,'2018-01-12','2018-01-12','E',31,13,16,13,16),
          (74,'Reparacion taller 2' ,'2018-01-12','2018-01-12','E',31,14,16,14,16),
          (75,'Reparacion taller 2' ,'2018-01-12','2018-01-12','E',31,15,16,15,16),
          (76,'Reparacion taller 2' ,'2018-01-12','2018-01-12','E',31,1,16,1,16),
          (77,'Reparacion taller 2' ,'2018-01-12','2018-01-12','E',31,2,16,2,16),
          (78,'Reparacion taller 1' ,'2018-01-12','2018-01-12','E',31,3,16,3,16),
          (79,'Reparacion taller 1' ,'2018-01-12','2018-01-12','E',31,4,16,4,16),
          (80,'Reparacion taller 3' ,'2018-01-12','2018-01-12','E',31,5,16,5,16),
          (81,'Reparacion taller 3' ,'2018-01-12','2018-01-12','E',31,6,16,6,16),
          (82,'Reparacion taller 3' ,'2018-01-12','2018-01-12','E',31,7,16,7,16),
          (83,'Reparacion taller 3' ,'2018-01-12','2018-01-12','E',31,8,16,8,16),
          (84,'Reparacion taller 3' ,'2018-01-12','2018-01-12','E',31,9,16,9,16),
          (85,'Reparacion taller 4' ,'2018-01-12','2018-01-12','E',31,10,16,10,16),
          (86,'Reparacion taller 1' ,'2018-01-12','2018-01-12','E',31,11,16,11,16),
          (87,'Reparacion taller 4' ,'2018-01-12','2018-01-12','E',31,12,16,12,16),
          (88,'Reparacion taller 1' ,'2018-01-12','2018-01-12','E',31,13,16,13,16),
          (89,'Reparacion taller 1' ,'2018-01-12','2018-01-12','E',31,14,16,14,16),
          (90,'Reparacion taller 1' ,'2018-01-12','2018-01-12','E',31,15,16,15,16);

  /*Módulo de Facturación*/
    /*Tabla Impuesto*/
      INSERT INTO tbl_Impuesto (idImpuesto, porcentaje)
      VALUES (1, 15);

    /*Tabla FormaPago*/
      INSERT INTO tbl_FormaPago (idFormaPago, descripcion)
      VALUES (1, 'Efectivo'),
           (2, 'Tarjeta de débito'),
           (3, 'Tarjeta de crédito'),
           (4, 'Cheque'),
           (5, 'Financiamiento');

    /*Tabla Descuento*/
      INSERT INTO tbl_Descuento (idDescuento, descripcion, valor, estado)
      VALUES (1, 'General', 5, 'I'),
           (2, 'Tercera edad', 10, 'A'),
           (3, 'Black friday', 10, 'I'),
           (4, 'Navideño', 10, 'I'),
           (5, 'Año nuevo', 5, 'I'),
           (6, 'Verano', 5, 'I'),
           (7, 'Familiares y amigos', 10, 'A'),
           (8, 'Ninguno', 0, 'A');

    /*Tabla Factura*/
      INSERT INTO tbl_Factura (idFactura, fecha, Observaciones, idImpuesto, idCliente, idEmpleado)
      VALUES (1, '2017-06-01', 'Ninguna', 1,1,9),
             (2, '2017-06-01', 'Ninguna', 1,2,10),
             (3, '2017-06-01', 'Ninguna', 1,3,9),
             (4, '2017-06-01', 'Ninguna', 1,4,10),
             (5, '2017-06-01', 'Ninguna', 1,5,9),
             (6, '2017-06-01', 'Ninguna', 1,6,10),
             (7, '2017-06-01', 'Ninguna', 1,7,9),
             (8, '2017-06-01', 'Ninguna', 1,8,10),
             (9, '2017-06-01', 'Ninguna', 1,9,9),
             (10, '2017-06-01', 'Ninguna', 1,10,10),
             (11, '2017-06-01', 'Ninguna', 1,11,9),
             (12, '2017-06-01', 'Ninguna', 1,12,10),
             (13, '2017-06-01', 'Ninguna', 1,13,9),
             (14, '2017-06-01', 'Ninguna', 1,14,10),
             (15, '2017-06-01', 'Ninguna', 1,15,9),
             (16, '2017-06-01', 'Ninguna', 1,1,10),
             (17, '2017-06-01', 'Ninguna', 1,2,9),
             (18, '2017-06-01', 'Ninguna', 1,3,10),
             (19, '2017-06-01', 'Ninguna', 1,4,9),
             (20, '2017-06-01', 'Ninguna', 1,5,10),
             (21, '2017-06-01', 'Ninguna', 1,6,9),
             (22, '2017-06-01', 'Ninguna', 1,7,10),
             (23, '2017-06-01', 'Ninguna', 1,8,9),
             (24, '2017-06-01', 'Ninguna', 1,9,10),
             (25, '2017-06-01', 'Ninguna', 1,10,9),
             (26, '2017-06-01', 'Ninguna', 1,11,10),
             (27, '2017-06-01', 'Ninguna', 1,12,9),
             (28, '2017-06-01', 'Ninguna', 1,13,10),
             (29, '2017-06-01', 'Ninguna', 1,14,9),
             (30, '2017-06-01', 'Ninguna', 1,15,10),
             (31, '2017-06-01', 'Ninguna', 1,1,9),
             (32, '2017-06-01', 'Ninguna', 1,2,10),
             (33, '2017-06-01', 'Ninguna', 1,3,9),
             (34, '2017-06-01', 'Ninguna', 1,4,10),
             (35, '2017-06-01', 'Ninguna', 1,5,9),
             (36, '2017-06-01', 'Ninguna', 1,6,10),
             (37, '2017-06-01', 'Ninguna', 1,7,9),
             (38, '2017-06-01', 'Ninguna', 1,8,10),
             (39, '2017-06-01', 'Ninguna', 1,9,9),
             (40, '2017-06-01', 'Ninguna', 1,10,10),
             (41, '2017-06-01', 'Ninguna', 1,11,9),
             (42, '2017-06-01', 'Ninguna', 1,12,10),
             (43, '2017-06-01', 'Ninguna', 1,13,9),
             (44, '2017-06-01', 'Ninguna', 1,14,10),
             (45, '2017-06-01', 'Ninguna', 1,15,9),
             (46, '2017-06-01', 'Ninguna', 1,1,10),
             (47, '2017-06-01', 'Ninguna', 1,2,9),
             (48, '2017-06-01', 'Ninguna', 1,3,10),
             (49, '2017-06-01', 'Ninguna', 1,4,9),
             (50, '2017-06-01', 'Ninguna', 1,5,10),
             (51, '2017-06-01', 'Ninguna', 1,6,9),
             (52, '2017-06-01', 'Ninguna', 1,7,10),
             (53, '2017-06-01', 'Ninguna', 1,8,9),
             (54, '2017-06-01', 'Ninguna', 1,9,10),
             (55, '2017-06-01', 'Ninguna', 1,10,9),
             (56, '2017-06-01', 'Ninguna', 1,11,10),
             (57, '2017-06-01', 'Ninguna', 1,12,9),
             (58, '2017-06-01', 'Ninguna', 1,13,10),
             (59, '2017-06-01', 'Ninguna', 1,14,9),
             (60, '2017-06-01', 'Ninguna', 1,15,10),
             (61, '2017-06-01', 'Ninguna', 1,1,9),
             (62, '2017-06-01', 'Ninguna', 1,2,10),
             (63, '2017-06-01', 'Ninguna', 1,3,9),
             (64, '2017-06-01', 'Ninguna', 1,4,10),
             (65, '2017-06-01', 'Ninguna', 1,5,9),
             (66, '2017-06-01', 'Ninguna', 1,6,10),
             (67, '2017-06-01', 'Ninguna', 1,7,9),
             (68, '2017-06-01', 'Ninguna', 1,8,10),
             (69, '2017-06-01', 'Ninguna', 1,9,9),
             (70, '2017-06-01', 'Ninguna', 1,10,10),
             (71, '2017-06-01', 'Ninguna', 1,11,9),
             (72, '2017-06-01', 'Ninguna', 1,12,10),
             (73, '2017-06-01', 'Ninguna', 1,13,9),
             (74, '2017-06-01', 'Ninguna', 1,14,10),
             (75, '2017-06-01', 'Ninguna', 1,15,9),
             (76, '2017-06-01', 'Ninguna', 1,1,10),
             (77, '2017-06-01', 'Ninguna', 1,2,9),
             (78, '2017-06-01', 'Ninguna', 1,3,10),
             (79, '2017-06-01', 'Ninguna', 1,4,9),
             (80, '2017-06-01', 'Ninguna', 1,5,10),
             (81, '2017-06-01', 'Ninguna', 1,6,9),
             (82, '2017-06-01', 'Ninguna', 1,7,10),
             (83, '2017-06-01', 'Ninguna', 1,8,9),
             (84, '2017-06-01', 'Ninguna', 1,9,10),
             (85, '2017-06-01', 'Ninguna', 1,10,9),
             (86, '2017-06-01', 'Ninguna', 1,11,10),
             (87, '2017-06-01', 'Ninguna', 1,12,9),
             (88, '2017-06-01', 'Ninguna', 1,13,10),
             (89, '2017-06-01', 'Ninguna', 1,14,9),
             (90, '2017-06-01', 'Ninguna', 1,15,10);

    /*Tabla Descuento por factura*/
      INSERT INTO tbl_DescuentoPorFactura (idFactura, idDescuento)
      VALUES(1,2),
            (2,2),
            (3,2),
            (4,2),
            (5,7),
            (6,2),
            (7,2),
            (8,2),
            (9,2),
            (10,2),
            (11,7),
            (12,2),
            (13,2),
            (14,2),
            (15,2),
            (16,2),
            (17,2),
            (18,2),
            (19,2),
            (20,7),
            (21,2),
            (22,2),
            (23,2),
            (24,2),
            (25,2),
            (26,7),
            (27,7),
            (28,2),
            (29,2),
            (30,2),
            (31,8),
            (32,8),
            (33,8),
            (34,8),
            (35,8),
            (36,8),
            (37,8),
            (38,8),
            (39,8),
            (40,8),
            (41,8),
            (42,8),
            (43,8),
            (44,8),
            (45,8),
            (46,8),
            (47,8),
            (48,8),
            (49,8),
            (50,8),
            (51,8),
            (52,8),
            (53,8),
            (54,8),
            (55,8),
            (56,8),
            (57,8),
            (58,8),
            (59,8),
            (60,8),
            (61,8),
            (62,8),
            (63,8),
            (64,8),
            (65,8),
            (66,8),
            (67,8),
            (68,8),
            (69,8),
            (70,8),
            (71,8),
            (72,8),
            (73,8),
            (74,8),
            (75,8),
            (76,8),
            (77,8),
            (78,8),
            (79,8),
            (80,8),
            (81,8),
            (82,8),
            (83,8),
            (84,8),
            (85,8),
            (86,8),
            (87,8),
            (88,8),
            (89,8),
            (90,8);

    /*Tabla Itinerario*/
        INSERT INTO tbl_Itinerario (idItinerario, fechaReserva, fechaEntrega, horaEntrega, fechaDevolucion, horaDevolucion)
        VALUES  (1,'2017-08-05', '2017-08-08', '06:30:00', '2017-08-09', '06:30:00'),
                (2,'2017-08-05', '2017-08-09', '06:30:00', '2017-08-10', '06:30:00'),
                (3,'2017-08-05', '2017-08-08', '06:30:00', '2017-08-09', '06:30:00'),
                (4,'2017-08-05', '2017-08-09', '06:30:00', '2017-08-10', '06:30:00'),
                (5,'2017-08-05', '2017-08-08', '06:30:00', '2017-08-09', '06:30:00'),
                (6,'2017-08-05', '2017-08-09', '06:30:00', '2017-08-10', '06:30:00'),
                (7,'2017-08-05', '2017-08-08', '06:30:00', '2017-08-09', '06:30:00'),
                (8,'2017-08-05', '2017-08-09', '06:30:00', '2017-08-10', '06:30:00'),
                (9,'2017-08-05', '2017-08-08', '06:30:00', '2017-08-09', '06:30:00'),
                (10,'2017-08-05', '2017-08-09', '06:30:00', '2017-08-10', '06:30:00'),
                (11,'2017-08-05', '2017-08-08', '06:30:00', '2017-08-09', '06:30:00'),
                (12,'2017-08-05', '2017-08-09', '06:30:00', '2017-08-10', '06:30:00'),
                (13,'2017-08-05', '2017-08-08', '06:30:00', '2017-08-09', '06:30:00'),
                (14,'2017-08-05', '2017-08-09', '06:30:00', '2017-08-10', '06:30:00'),
                (15,'2017-08-05', '2017-08-08', '06:30:00', '2017-08-09', '06:30:00'),
                (16,'2017-08-05', '2017-08-09', '06:30:00', '2017-08-10', '06:30:00'),
                (17,'2017-08-05', '2017-08-08', '06:30:00', '2017-08-09', '06:30:00'),
                (18,'2017-08-05', '2017-08-09', '06:30:00', '2017-08-10', '06:30:00'),
                (19,'2017-08-05', '2017-08-08', '06:30:00', '2017-08-09', '06:30:00'),
                (20,'2017-08-05', '2017-08-09', '06:30:00', '2017-08-10', '06:30:00'),
                (21,'2017-08-05', '2017-08-08', '06:30:00', '2017-08-09', '06:30:00'),
                (22,'2017-08-05', '2017-08-09', '06:30:00', '2017-08-10', '06:30:00'),
                (23,'2017-08-05', '2017-08-08', '06:30:00', '2017-08-09', '06:30:00'),
                (24,'2017-08-05', '2017-08-09', '06:30:00', '2017-08-10', '06:30:00'),
                (25,'2017-08-05', '2017-08-08', '06:30:00', '2017-08-09', '06:30:00'),
                (26,'2017-08-05', '2017-08-09', '06:30:00', '2017-08-10', '06:30:00'),
                (27,'2017-08-05', '2017-08-08', '06:30:00', '2017-08-09', '06:30:00'),
                (28,'2017-08-05', '2017-08-09', '06:30:00', '2017-08-10', '06:30:00'),
                (29,'2017-08-05', '2017-08-08', '06:30:00', '2017-08-09', '06:30:00'),
                (30,'2017-08-05', '2017-08-09', '06:30:00', '2017-08-10', '06:30:00'),
                (31,'2017-08-05', '2017-08-08', '06:30:00', '2017-08-09', '06:30:00'); -- Comodín!

    /*Tabla Renta*/
      INSERT INTO tbl_Renta (idVehiculoEmpresa, idFactura, anticipo, mora, totalHoras, idItinerario)
      VALUES (1,1, 1000,0,24,1),
             (1,2, 1000,0,24,2),
             (2,3, 1000,0,24,3),
             (2,4, 1000,0,24,4),
             (3,5, 1000,0,24,5),
             (3,6, 1000,0,24,6),
             (4,7, 1000,0,24,7),
             (4,8, 1000,0,24,8),
             (5,9, 1000,0,24,9),
             (5,10, 1000,0,24,10),
             (6,11, 1000,0,24,11),
             (6,12, 1000,0,24,12),
             (7,13, 1000,0,24,13),
             (7,14, 1000,0,24,14),
             (8,15, 1000,0,24,15),
             (8,16, 1000,0,24,16),
             (9,17, 1000,0,24,17),
             (9,18, 1000,0,24,18),
             (10,19, 1000,0,24,19),
             (10,20, 1000,0,24,20),
             (11,21, 1000,0,24,21),
             (11,22, 1000,0,24,22),
             (12,23, 1000,0,24,23),
             (12,24, 1000,0,24,24),
             (13,25, 1000,0,24,25),
             (13,26, 1000,0,24,26),
             (14,27, 1000,0,24,27),
             (14,28, 1000,0,24,28),
             (15,29, 1000,0,24,29),
             (15,30, 1000,0,24,30),
             (46,31, 0,0,0,31),
             (46,32, 0,0,0,31),
             (46,33, 0,0,0,31),
             (46,34, 0,0,0,31),
             (46,35, 0,0,0,31),
             (46,36, 0,0,0,31),
             (46,37, 0,0,0,31),
             (46,38, 0,0,0,31),
             (46,39, 0,0,0,31),
             (46,40, 0,0,0,31),
             (46,41, 0,0,0,31),
             (46,42, 0,0,0,31),
             (46,43, 0,0,0,31),
             (46,44, 0,0,0,31),
             (46,45, 0,0,0,31),
             (46,46, 0,0,0,31),
             (46,47, 0,0,0,31),
             (46,48, 0,0,0,31),
             (46,49, 0,0,0,31),
             (46,50, 0,0,0,31),
             (46,51, 0,0,0,31),
             (46,52, 0,0,0,31),
             (46,53, 0,0,0,31),
             (46,54, 0,0,0,31),
             (46,55, 0,0,0,31),
             (46,56, 0,0,0,31),
             (46,57, 0,0,0,31),
             (46,58, 0,0,0,31),
             (46,59, 0,0,0,31),
             (46,60, 0,0,0,31),
             (46,61, 0,0,0,31),
             (46,62, 0,0,0,31),
             (46,63, 0,0,0,31),
             (46,64, 0,0,0,31),
             (46,65, 0,0,0,31),
             (46,66, 0,0,0,31),
             (46,67, 0,0,0,31),
             (46,68, 0,0,0,31),
             (46,69, 0,0,0,31),
             (46,70, 0,0,0,31),
             (46,71, 0,0,0,31),
             (46,72, 0,0,0,31),
             (46,73, 0,0,0,31),
             (46,74, 0,0,0,31),
             (46,75, 0,0,0,31),
             (46,76, 0,0,0,31),
             (46,77, 0,0,0,31),
             (46,78, 0,0,0,31),
             (46,79, 0,0,0,31),
             (46,80, 0,0,0,31),
             (46,81, 0,0,0,31),
             (46,82, 0,0,0,31),
             (46,83, 0,0,0,31),
             (46,84, 0,0,0,31),
             (46,85, 0,0,0,31),
             (46,86, 0,0,0,31),
             (46,87, 0,0,0,31),
             (46,88, 0,0,0,31),
             (46,89, 0,0,0,31),
             (46,90, 0,0,0,31);

    /*Tabla Venta*/
      INSERT INTO tbl_Venta (idFactura, idVehiculoEmpresa)
      VALUES (1,46),
             (2,46),
             (3,46),
             (4,46),
             (5,46),
             (6,46),
             (7,46),
             (8,46),
             (9,46),
             (10,46),
             (11,46),
             (12,46),
             (13,46),
             (14,46),
             (15,46),
             (16,46),
             (17,46),
             (18,46),
             (19,46),
             (20,46),
             (21,46),
             (22,46),
             (23,46),
             (24,46),
             (25,46),
             (26,46),
             (27,46),
             (28,46),
             (29,46),
             (30,46),

             (31,16),
             (32,17),
             (33,18),
             (34,19),
             (35,20),
             (36,21),
             (37,22),
             (38,23),
             (39,24),
             (40,25),
             (41,26),
             (42,27),
             (43,28),
             (44,29),
             (45,30),
             (46,31),
             (47,32),
             (48,33),
             (49,34),
             (50,35),
             (51,36),
             (52,37),
             (53,38),
             (54,39),
             (55,40),
             (56,41),
             (57,42),
             (58,43),
             (59,44),
             (60,45),

             (61,46),
             (62,46),
             (63,46),
             (64,46),
             (65,46),
             (66,46),
             (67,46),
             (68,46),
             (69,46),
             (70,46),
             (71,46),
             (72,46),
             (73,46),
             (74,46),
             (75,46),
             (76,46),
             (77,46),
             (78,46),
             (79,46),
             (80,46),
             (81,46),
             (82,46),
             (83,46),
             (84,46),
             (85,46),
             (86,46),
             (87,46),
             (88,46),
             (89,46),
             (90,46);

      /*Tabla FacturaPorMantenimiento*/
        INSERT INTO tbl_FacturaPorMantenimiento (idMantenimiento, idFactura)
        VALUES(31,1),
              (32,2),
              (33,3),
              (34,4),
              (35,5),
              (36,6),
              (37,7),
              (38,8),
              (39,9),
              (40,10),
              (41,11),
              (42,12),
              (43,13),
              (44,14),
              (45,15),
              (46,16),
              (47,17),
              (48,18),
              (49,19),
              (50,20),
              (51,21),
              (52,22),
              (53,23),
              (54,24),
              (55,25),
              (56,26),
              (57,27),
              (58,28),
              (59,29),
              (60,30),
              (61,31),
              (62,32),
              (63,33),
              (64,34),
              (65,35),
              (66,36),
              (67,37),
              (68,38),
              (69,39),
              (70,40),
              (71,41),
              (72,42),
              (73,43),
              (74,44),
              (75,45),
              (76,46),
              (77,47),
              (78,48),
              (79,49),
              (80,50),
              (81,51),
              (82,52),
              (83,53),
              (84,54),
              (85,55),
              (86,56),
              (87,57),
              (88,58),
              (89,59),
              (90,60),

              (1,61),
              (2,62),
              (3,63),
              (4,64),
              (5,65),
              (6,66),
              (7,67),
              (8,68),
              (9,69),
              (10,70),
              (11,71),
              (12,72),
              (13,73),
              (14,74),
              (15,75),
              (16,76),
              (17,77),
              (18,78),
              (19,79),
              (20,80),
              (21,81),
              (22,82),
              (23,83),
              (24,84),
              (25,85),
              (26,86),
              (27,87),
              (28,88),
              (29,89),
              (30,90);

      /*Tabla Formas de pago por factura*/
        INSERT INTO tbl_FormaPagoPorFactura (idFactura, idFormaPago, monto)
        VALUES(1,1,600),
              (2,2,600),
              (3,3,700),
              (4,4,400),
              (5,1,600),
              (6,2,600),
              (7,3,600),
              (8,4,800),
              (9,1,900),
              (10,2,300),
              (11,3,400),
              (12,4,600),
              (13,1,600),
              (14,2,800),
              (15,3,200),
              (16,1,156000),
              (17,2,156000),
              (18,3,190000),
              (19,4,176000),
              (20,5,156000),
              (21,1,156000),
              (22,2,156000),
              (23,3,156000),
              (24,4,156000),
              (25,5,176000),
              (26,1,156000),
              (27,2,156000),
              (28,3,158000),
              (29,4,200000),
              (30,5,189000),
              (31,1,156000),
              (32,2,156000),
              (33,3,190000),
              (34,4,176000),
              (35,5,156000),
              (36,1,156000),
              (37,2,156000),
              (38,3,156000),
              (39,4,156000),
              (40,5,176000),
              (41,1,156000),
              (42,2,156000),
              (43,3,158000),
              (44,4,200000),
              (45,1,189000),
              (46,2,1500),
              (47,3,1500),
              (48,4,1500),
              (49,1,1500),
              (50,2,1500),
              (51,3,1500),
              (52,4,1500),
              (53,1,1500),
              (54,2,1500),
              (55,3,1500),
              (56,4,1500),
              (57,1,1500),
              (58,2,1500),
              (59,3,1500),
              (60,4,1500),
              (61,1,1500),
              (62,2,1500),
              (63,3,1500),
              (64,4,1500),
              (65,1,1500),
              (67,2,1500),
              (68,3,1500),
              (69,4,1500),
              (70,1,1500),
              (71,2,1500),
              (72,3,1500),
              (73,4,1500),
              (74,1,1500),
              (75,2,1500),
              (76,3,1500),
              (77,4,1500),
              (78,1,1500),
              (79,2,1500),
              (80,3,1500),
              (81,4,1500),
              (82,1,1500),
              (83,2,1500),
              (84,3,1500),
              (85,4,1500),
              (86,1,1500),
              (87,2,1500),
              (88,3,1500),
              (89,4,1500),
              (90,1,1500),
              (15,2,1500);